小着,小着，干净利落的高级时装。是上班穿的，下班也好穿。是不收腰的。是 不紧绷的。是没有藏蓝色的。是没有廉价塑料纽扣的。是赞颂创造一点新东西，改变一点点世界的,,
小着,小着，干净利落的高级时装。是上班穿的，下班也好穿。是不收腰的。是,,
小着,不紧绷的。是没有藏蓝色的。是没有廉价塑料纽扣的。是赞颂创造一点新东西，改变一点点世界的,,
小着,人们,,
小着,徐易容,,
徐易容,创始人，美丽说创始人，中国互联网知名的企业家，相信美感、喜欢创新、享受设计的技术男。第 34 届奥数国家集训队员，北京大学计算机系，斯坦福大学计算机系，硅谷著名的,,
徐易容,IBM,,
徐易容,2009,,
徐易容,11,,
徐易容,4,000,,
徐易容,NYSE,,
徐易容,2014,,
徐易容,创始人，美丽说创始人，中国互联网知名的企业家，相信美感、喜欢创新、享受设计的技术男。第,,
徐易容,34,,
徐易容,届奥数国家集训队员，北京大学计算机系，斯坦福大学计算机系，硅谷著名的,,
徐易容,阿莫顿研究院，数据库和数据挖掘研究，共同发明,,
徐易容,5,,
徐易容,项专利,,
徐易容,年,,
徐易容,月创立美丽说，中国著名的快时尚平台，影响了一代年轻女生的穿衣搭配，每月,,
徐易容,万用户，8.5,,
徐易容,亿美元，合成美丽联合集团,,
徐易容,(,,
徐易容,MOGU,,
徐易容,8,,
徐易容,月创立,,
