小着,"小着，

干净利落的高级时装。

是

上班穿的，下班也好穿。


是 不收腰的。

是 不紧绷的。

是 没有藏蓝色的。

是 没有廉价塑料纽扣的。


是赞颂创造一点新东西，

改变一点点世界的 人们。 "

徐易容,"小着 创始人，美丽说创始人，中国互联网知名的企业家，相信美感、喜欢创新、享受设计的技术男。第 34 届奥数国家集训队员，北京大学计算机系，斯坦福大学计算机系，硅谷著名的 IBM 阿莫顿研究院，数据库和数据挖掘研究，共同发明 5 项专利。 2009 年 11 月创立美丽说，中国著名的快时尚平台，影响了一代年轻女生的穿衣搭配，每月 4,000 万用户，8.5 亿美元，合成美丽联合集团 (NYSE: MOGU)。 2014 年 8 月创立 小着。"


尚丹,"小着 创始人，摩天轮创始人，热爱创新，拥抱灵感，连续跨界的优秀创业者。 北京大学社会学系，获得本科和硕士学位，第八届全国大学生挑战杯二等奖。北京大学国家发展研究院 BiMBA 商学院，获得工商管理硕士学位。伦敦中央圣⻢丁艺术与设计学院进修。2006 年加入法国电信，创造了中国最早的基于地理位置社交的手机应用。2010 年创立了中国最早的手机虚拟社区摩天轮，获得红杉资本投资。2014 年加入中国著名的快时尚平台美丽说，任副总裁。2014 年 8 月创立 小着。"
